{"store_id":1,"discounted_total":3896.48,"profit":2.3193333333}
{"store_id":2,"discounted_total":3459.52,"profit":2.2835115512}
{"store_id":3,"discounted_total":4104.64,"profit":2.2740387812}
